x,y,z,mass
1.0,0.0,0.0,0.5
0.9937149333257224,0.0075,0.15018532313596722,0.6714489037277257
0.964889854016862,0.015,0.298475408727953,0.8221088436188455
0.913953808887967,0.022500000000000003,0.4414900171228987,0.9337116127970085
0.8418423272078718,0.03,0.5759353228629362,0.9927248649942302
0.7499810905956663,0.0375,0.6986797290239174,0.9919929734369685
0.6402582673187843,0.045000000000000005,0.8068267169163079,0.9316046833244367
0.5149860345679373,0.052500000000000005,0.8977830384898075,0.8188823510672518
0.37685206465574034,0.06,0.9693206494059154,0.6674940750779523
0.22886198801222835,0.0675,1.0196309089288587,0.4957963763164257
0.07427406175108806,0.075,1.0473697359342573,0.32460838615519005
-0.08347253769110445,0.0825,1.0516926050188844,0.17468743146741617
-0.24083422037467256,0.09000000000000001,1.032278488730887,0.06421211379320568
-0.3942425853891207,0.0975,0.9893420964791206,0.006578070748381737
-0.5401853319218476,0.10500000000000001,0.9236340223142949,0.008773693687833761
-0.6752866444269445,0.11249999999999999,0.8364286866545153,0.070532753286704
-0.7963852127845454,0.12,0.7295002349952427,0.18436668106383952
-0.9006080857302163,0.1275,0.605086833369687,0.33647259256513007
-0.9854386347985968,0.135,0.4658440694548745,0.5084069502421749
-1.0487770251206339,0.14250000000000002,0.31478842351508607,0.6793219267464001
-1.0889917462604901,0.15,0.15523200886585395,0.8284932993593945
-1.1049609476108329,0.1575,-0.009290008340699714,0.9378333567964414
-1.0961025445988402,0.165,-0.17509772049900602,0.9940841169385002
-1.0623923092726497,0.17250000000000001,-0.3384487866698987,0.9904249178101998
-1.0043694262942444,0.18000000000000002,-0.4956228964902352,0.9272994540441397
-0.9231292770070059,0.1875,-0.6430064835851367,0.8123619768770962
-0.820303503746158,0.195,-0.7771757598778907,0.6595491811746761
-0.6980276973565263,0.2025,-0.894976163773732,0.48739031742816974
-0.5588973363283974,0.21000000000000002,-0.9935963805514907,0.31676043537403575
-0.4059128794801101,0.21750000000000003,-1.0706352013044245,0.16834918872450033
-0.24241516934539664,0.22499999999999998,-1.1241596353148615,0.06015212001416492
-0.07201253437107537,0.23249999999999998,-1.1527528767665058,0.005288618750574459
0.10149882078975885,0.24,-1.1555509462495752,0.010411135424341522
0.27421938104193566,0.2475,-1.1322670758531213,0.07489854145681685
0.4422339589741878,0.255,-1.0832031783234466,0.19093144388148403
0.6017004357591629,0.2625,-1.0092480297762456,0.34444032250943635
0.7489375936123089,0.27,-0.9118620953160648,0.5168115236105684
0.8805100325451964,0.2775,-0.7930492308723697,0.6871442505728792
0.9933082139586001,0.28500000000000003,-0.6553157956911887,0.8347848810983012
1.0846217685226043,0.29250000000000004,-0.5016180013186314,0.941831313382318
1.152204343980439,0.3,-0.335298597838711,0.9953036778474351
1.1943284471800053,0.30750000000000005,-0.16001425016728268,0.9887182057033411
1.2098289500239323,0.315,0.020344819586064225,0.9228734155714666
1.198134176507903,0.32249999999999995,0.20174115862592198,0.805753289449471
1.1592837621894057,0.33,0.380080463486322,0.6515591783728503
1.093932772244119,0.33749999999999997,0.5513039903812567,0.4789878236405796
1.003341873154189,0.34500000000000003,0.7114809101974863,0.3089642914079954
0.8893536690885652,0.3525,0.856898506988259,0.16210471269783655
0.7543556300199947,0.36000000000000004,0.9841481511729505,0.05621648320924694
0.6012303473616417,0.3675,1.090205058423139,0.00413903513280528
0.4332941472937823,0.375,1.1724999709684236,0.012186997265921207
0.2542253651565652,0.3825,1.2289810672711812,0.07938451738612007
0.06798382990893756,0.39,1.2581646151720023,0.19758358879685795
-0.12127668012127085,0.3975,1.2591731282308891,0.35245203341095477
-0.30930107524445694,0.405,1.231760059773259,0.5252113439034074
-0.49182862025158275,0.4125,1.1763203680551588,0.6949136636231893
-0.6646894772693576,0.42000000000000004,1.093886602352999,0.8409818100340678
-0.8238999382615384,0.4275,0.9861104865747213,0.9457043522234333
-0.9657541728206459,0.43500000000000005,0.8552303068060149,0.9963832029179538
-1.0869103795369726,0.4425,0.7040247345475825,0.9868733196503843
-1.1844693404500801,0.44999999999999996,0.5357540308142836,0.918327819268028
-1.2560435357089899,0.4575,0.3540898705182908,0.799058157240286
-1.2998151763429107,0.46499999999999997,0.16303529479425083,0.6435263256638643
-1.314581752717693,0.47250000000000003,-0.03316346516391355,0.47059127056747174
-1.2997879696482473,0.48,-0.23011135121433546,0.3012221584392819
-1.255543240270841,0.4875,-0.4233629315495126,0.1559557688708515
-1.18262423299173,0.495,-0.6085227387211775,0.05240631609015911
-1.0824623019311408,0.5025,-0.7813452277309535,0.003129644913670182
-0.9571159737164466,0.51,-0.9378320813753486,0.014100777128068787
-0.8092290044888952,0.5175,-1.074324633569347,0.08398941276705107
-0.64197485279459,0.525,-1.1875892759617548,0.20432123506743782
-0.4589887290070292,0.5325,-1.2748938570110502,0.3605054601408234
-0.26428867277925533,0.54,-1.3340732728904285,0.5336040362627374
-0.06218736995046293,0.5475,-1.36358268213506,0.7026279692726787
0.14280335680600717,0.555,-1.3625370458394652,0.8470823341261222
0.34607326884866235,0.5625,-1.3307359965779846,0.9494513783062336
0.5430173955600894,0.5700000000000001,-1.2686733654172526,0.9973223869389191
0.7291403496233317,0.5775,-1.1775310401646173,0.9848907812508589
0.9001589107288895,0.5850000000000001,-1.0591571816474548,0.9136639502976883
1.0521005373645074,0.5925,-0.9160291803634395,0.7922784731457482
1.181395542225489,0.6,-0.7512020852006088,0.6354528941539346
1.2849607946937758,0.6074999999999999,-0.5682435711030441,0.46220303214307273
1.36027299122012,0.6150000000000001,-0.37115682582577936,0.29353622537972834
1.405429757611322,0.6225,-0.1642930199995762,0.14990409571742036
1.4191971114114266,0.63,0.047744727054016625,0.04872269589490652
1.4010421120428183,0.6375,0.26020376684936597,0.0022607334752724473
1.3511498545686016,0.6449999999999999,0.4682884479668986,0.01615193393309694
1.2704243125808503,0.6525000000000001,0.6672683613086074,0.0887119256702798
1.1604728990022475,0.66,0.8525858611784032,0.21114247777713557
1.023574982339933,0.6675,1.019960418608392,0.3685983257759904
0.8626349617993434,0.6749999999999999,1.1654874184998503,0.5419872278458734
0.681120859311222,0.6825,1.285729121942543,0.710284986477048
0.48298972180560856,0.6900000000000001,1.377795677388393,0.8530847285901673
0.2726014352276503,0.6975,1.4394142758468895,0.9530713322444018
0.0546228256425122,0.705,1.468984801459439,0.9981209643774318
-0.16607584413490734,0.7125,1.465620624170825,0.9827711510223607
-0.3845296871963612,0.7200000000000001,1.4291735092929299,0.9088831272632188
-0.5957908834275594,0.7275,1.360241972306622,0.7854161539671827
-0.7950407360177877,0.735,1.2601627784029708,0.6273411664220141
-0.9776995559530999,0.7425,1.1309856667036553,0.45382547995081457
-1.139531869288232,0.75,0.9754317602356752,0.2859086652519245
-1.2767445315281338,0.7575000000000001,0.7968364959092965,0.14395140421035113
-1.3860754784255829,0.765,0.5990782654272243,0.045166664083235886
-1.4648710399822773,0.7725000000000001,0.3864942900241116,0.0015325464825390878
-1.5111499902793994,0.78,0.16378555149515228,0.018339887763119567
-1.5236527946865943,0.7875,-0.0640871378962322,0.09355072091279837
-1.5018748417177679,0.795,-0.2920136295025125,0.2180453883748717
-1.4460828021543353,0.8025000000000001,-0.5148490354593916,0.3767283422429446
-1.3573136351578388,0.81,-0.7275298590536426,0.5503585484962538
-1.2373561515164073,0.8175,-0.9251890370645913,0.7178825503890166
-1.088715439129206,0.825,-1.1032672806721409,0.858987296385822
-0.9145608463875248,0.8325000000000001,-1.2576181687042116,0.956563190578376
-0.7186585963617256,0.8400000000000001,-1.3846045723871472,0.9987787094539026
-0.5052904599982078,0.8475,-1.4811841718823486,0.9805150282420791
-0.27916024166329156,0.855,-1.5449820579781801,0.9039867018334926
-0.045290117768469786,0.8624999999999999,-1.5743486923907672,0.7784731398691057
0.19109088788699471,0.8700000000000001,-1.5684018211435997,0.6191934358744425
0.4246638158080219,0.8775000000000001,-1.5270512904101716,0.44546098255285105
0.6501394556442242,0.885,-1.451006095167981,0.2783416345748364
0.8623781110944053,0.8925,-1.3417633895382772,0.13809937733764843
1.0565067331905282,0.8999999999999999,-1.201579594834682,0.04173922604218311
1.22803075306926,0.9075000000000001,-1.0334241479257906,0.0009452898137639054
1.3729380489307057,0.915,-0.8409168292990379,0.020664020024003693
1.4877926442940719,0.9225,-0.6282499881292908,0.09850443043541923
1.569815952561261,0.9299999999999999,-0.40009733201332587,0.22502801521982613
1.6169536516841156,0.9375,-0.1615112637106283,0.384893210964623
1.6279265866069075,0.9450000000000001,0.08218898112510808,0.5587156314135514
1.6022644492729907,0.9525,0.32553591905643914,0.7254185129703594
1.5403213685828663,0.96,0.563036483264634,0.8647883686964292
1.4432729472720807,0.9675,0.7892960152392523,0.9599259660647079
1.3130947001930076,0.975,0.9991407850373417,0.9992954362058852
1.1525222695391129,0.9825,1.1877362578520594,0.9781230507773662
0.9649942076119633,0.99,1.350698404261795,0.8989760583613154
0.7545785173481597,0.9975,1.4841954929040357,0.7714513938306784
0.5258845158388501,1.005,1.5850380045919839,0.6110120060965412
0.28396192783572793,1.0125,1.6507545618715755,0.43711190482039375
0.03418941679722145,1.02,1.6796520722396846,0.2708372727541139
-0.2178449866731123,1.0275,1.6708586301005217,0.1323496696266685
-0.4664689011116051,1.035,1.6243481044085752,0.03844135080182021
-0.7060532583601228,1.0425,1.5409457473769328,0.0004991295024004416
-0.9311397423812563,1.05,1.4223145855112953,0.023123673620264074
-1.1365651177681526,1.0575,1.2709227880058904,0.10357165368955301
-1.3175796165761526,1.065,1.0899926394169084,0.23208838413324256
-1.4699566701526225,1.0725,0.8834321637080093,0.39309062351028784
-1.5900914528522896,1.08,0.6557508456464971,0.5670561138228286
-1.6750859431694451,1.0875,0.4119612639510303,0.7328907435992218
-1.722818499818599,1.095,0.1574687800257307,0.8704863054008622
-1.7319962893370384,1.1025,-0.10204829113086683,0.9631587079551943
-1.702189280447322,1.11,-0.36076537185576635,0.9996709985406553
-1.6338449303462192,1.1175,-0.6128423480651105,0.9755958949053944
-1.5282831201636524,1.125,-0.8525553968058917,0.893852613492059
-1.3876713413918145,1.1325,-1.0744269394797594,0.7643529010907334
-1.2149805821147677,1.1400000000000001,-1.2733507706378713,0.6027991902013006
-1.0139228012541621,1.1475,-1.444709504743744,0.4287806072650823
-0.7888713007864697,1.155,-1.5844816410408367,0.2633977014772176
-0.54476570032412,1.1624999999999999,-1.6893357664331774,0.12670390667637133
-0.28700357649705,1.1700000000000002,-1.7567096934547561,0.035273970761290685
-0.021321142905714043,1.1775,-1.7848726590054527,0.00019419169011819504
0.246334392305964,1.185,-1.7729690824059092,0.025718153140847078
0.5099379511967337,1.1925,-1.721042790266784,0.1087509580331848
0.7635222132065946,1.2,-1.630041051611923,0.23922449895654407
1.001312691756334,1.2075,-1.5017982199109456,0.4013182622481675
1.2178592028562027,1.2149999999999999,-1.3389992389909913,0.575377637642581
1.4081607331105737,1.2225,-1.145123726819723,0.7402971296725186
1.5677808474122397,1.2300000000000002,-0.9243717945109323,0.8760794955372395
1.6929509749955671,1.2375,-0.6815731774810094,0.9662605022656607
1.7806591722212406,1.245,-0.42208164184712776,0.9999052902765126
1.8287222759477924,1.2525,-0.15165697297627181,0.9729342751219482
1.8358397257596795,1.26,0.1236628534468804,0.888617815763111
1.801627738678167,1.2675,0.3976964812836484,0.7571796685864856
1.726632957318256,1.275,0.6642579549410114,0.5945573101754458
1.612325152038026,1.2825,0.9172963556591494,0.4204694453716269
1.4610690291666104,1.2899999999999998,1.1510331411432677,0.256025024113541
1.276075670277886,1.2975,1.3600940716453567,0.12116368469769029
1.061334590997587,1.3050000000000002,1.5396327113802126,0.03223798142519113
0.8215278514447582,1.3125,1.685442668648376,0.0000305625911417029
0.5619280639652003,1.32,1.7940559776462723,0.0284467250557352
0.28828251779033964,1.3275,1.8628253245907043,0.1140408791359343
0.006685965974973082,1.335,1.8899881739997693,0.24643434211573706
-0.27655511019626905,1.3425,1.8747112500394105,0.4095738010007227
-0.5550637365942888,1.3499999999999999,1.8171142639685556,0.5836778501514035
-0.8225360184416568,1.3575000000000002,1.7182722422148788,0.7476355772032044
-1.0728838169329906,1.365,1.580196290137177,0.8815663577583897
-1.3003733012603795,1.3725,1.4057931132884318,0.9692304720343853
-1.4997562234658197,1.3800000000000001,1.1988040999994716,0.9999982451728033
-1.666390911705552,1.3875,0.963725235419899,0.9701389439394245
-1.7963501944090883,1.395,0.7057095571454528,0.8832731451943518
-1.8865137488945216,1.4024999999999999,0.43045426613281257,0.7499337243861107
-1.9346427072261796,1.41,0.14407496443365406,0.586288696222909
-1.9394347420906963,1.4175000000000002,-0.14703020496345395,0.4121807689318375
-1.9005582876552827,1.425,-0.43632349836425305,0.24872132511975636
-1.8186650151896877,1.4325,-0.7172743983477267,0.11573057006225895
-1.6953801703275664,1.4400000000000002,-0.9835070300003314,0.02933424115038269
-1.5332708773022756,1.4475,-1.2289448388014454,0.000008288467873207583
-1.3357930140937808,1.455,-1.4479492475560922,0.03130861792333928
-1.1072177498847096,1.4625,-1.6354491292425581,0.11943992139304466
-0.8525393014577209,1.47,-1.78705812425617,0.2537158751918105
-0.5773658975346089,1.4775000000000003,-1.8991770903115004,0.417854905702334
-0.2877963296118224,1.485,-1.969079295676526,0.5919544046531715
0.009715194440255433,1.4925000000000002,-1.9949763444705273,0.7549040114123101
0.3085028997751681,1.5,-1.9760632481857237,0.8869453407789445
0.60183879108122,1.5075,-1.912541521000236,0.972067777570035
0.8830841501191885,1.5150000000000001,-1.80561966754028,0.9999498369486464
1.1458397729672885,1.5225,-1.6574909395487725,0.9672106916740766
1.3840915472332538,1.53,-1.4712887510198192,0.8778201128697058
1.592348058001808,1.5374999999999999,-1.2510206481820645,0.7426171171153645
1.7657670750979784,1.5450000000000002,-1.0014822197622537,0.5779956861060285
1.9002680100249827,1.5525000000000002,-0.7281527930837685,0.40391692138026014
1.9926277336978142,1.56,-0.4370751822036038,0.24148866945047825
2.040557509317295,1.5675000000000001,-0.13472212575815953,0.11040609885954789
2.0427592104921057,1.575,0.172147634168081,0.026563570903326228
1.9989594538684805,1.5825,0.47664043239094467,0.00012737561781406281
1.9099207678932253,1.59,0.7718825431178987,0.034303022608610956
1.777429433939586,1.5975,1.051175345679875,0.12494655834823204
1.6042601613352934,1.6050000000000002,1.308147290924252,0.26106703949706156
1.394118282018722,1.6125,1.5368992210750736,0.42615923505916053
1.15156066175207,1.62,1.7321397294401901,0.6002049611405411
0.8818970114171217,1.6275000000000002,1.8893074554591556,0.7621003773155515
0.5910737327875353,1.635,2.004677490871938,0.892214923813911
0.2855428379469983,1.6425,2.075449418245883,0.9747716166890614
-0.027881169168424907,1.65,2.0998149062252613,0.9997600792903656
-0.3421732749427007,1.6575,2.0770032378200542,0.9641503462225618
-0.6502554125105504,1.6650000000000003,2.0073036388401073,0.8722602605099077
-0.9451558632818327,1.6725,1.8920637922924202,0.7352319153783766
-1.2201670137868477,1.6800000000000002,1.7336644595960566,0.5696806244846229
-1.4689978983049778,1.6875,1.535470668809912,0.3956802391316693
-1.6859180587362312,1.695,1.3017604615393177,0.23432910197442336
-1.8658894330290299,1.7025000000000001,1.0376327017353524,0.10519177646256167
-2.004683238488713,1.71,0.7488959295672571,0.02392675402794764
-2.098979141042908,1.7175,0.44194068093668215,0.0003877903717836584
-2.146444389014796,1.7249999999999999,0.12359807792558783,0.037429092511790774
-2.1457910316826374,1.7325000000000002,-0.19901218141200447,0.13055923312527318
-2.0968098291489903,1.7400000000000002,-0.5186410515801678,0.26848575665715496
-2.000379980018601,1.7475,-0.8280730254879591,0.4344844412111609
-1.8584543354907412,1.7550000000000001,-1.1202890175734415,0.6084271869564907
-1.6740203205572288,1.7625,-1.388625567372815,0.7692226403042896
-1.4510373326275843,1.77,-1.626926752905928,0.8973736170086639
-1.1943519226432173,1.7775,-1.8296853513318765,0.977341224942516
-0.9095925714381649,1.785,-1.9921700113154273,0.9994290258476184
-0.6030463431577218,1.7925000000000002,-2.1105355026637436,0.9609587728278872
-0.2815201171802903,1.7999999999999998,-2.181913477574855,0.8665951600366462
0.047810539504517566,1.8075,-2.2044816062540162,0.7277802071727943
0.3775615045423212,1.8150000000000002,-2.1775094282890577,0.5613458622530442
0.7003056636665171,1.8225,-2.1013797794393567,0.38747305092042666
1.0087401931774775,1.83,-1.9775851998506324,0.22724464689630702
1.2958517937414011,1.8375,-1.8086992919380473,0.1000890771022575
1.5550761371328534,1.845,-1.5983235616482556,0.021424536024186702
1.780447901451681,1.8525,-1.3510108327531303,0.0007894591034396381
1.9667379666296552,1.8599999999999999,-1.0721668576380496,0.04068594380779206
2.1095746166345077,1.8675000000000002,-0.7679322475657401,0.13627635886814815
2.205545941822743,1.875,-0.4450472991820401,0.27596992919869545
2.2522810468648005,1.8825,-0.11070269162760775,0.44282817039583433
2.2485081375456013,1.8900000000000001,0.22762063920306722,0.6166187574538785
2.1940880732042265,1.8975,0.5623188837509955,0.7762687867208338
2.090022519217246,1.905,0.885836254149038,0.902419961860141
1.9384364035275723,1.9124999999999999,1.1908355509805255,0.9797758758321604
1.7425349600012088,1.92,1.47036455111431,0.998956770218228
1.506536216321608,1.9275000000000002,1.718014443743525,0.957636873834763
1.235580342199228,1.935,1.9280667047513782,0.8608264131280892
0.9356178022016778,1.9425000000000001,2.095625044754739,0.7202640992994735
0.6132787444278556,1.95,2.216729388453402,0.5529937558755784
0.2757264903785634,1.9575,2.2884492352909036,0.37929767714214746
-0.0695016373197868,1.965,2.3089542053513905,0.22023730718449996
-0.41466261286159073,1.9725,2.277560079886983,0.09509944345069421
-0.7519813731447477,1.98,2.1947491916944273,0.01905762433722069
-1.0738259564991675,1.9874999999999998,2.062164594582268,0.0013322682500916394
-1.3728801691745813,1.995,1.8825780305440658,0.04407265569605939
-1.6423098733696757,2.0025,1.6598323047321617,0.1420963191897237
-1.8759191178186347,2.01,1.3987592585582962,0.2835174411423066
-2.0682925450520178,2.0175,1.1050750870788135,0.45118806361369984
-2.214920803969575,2.025,0.7852552655937883,0.6247773566526219
-2.3123060659942323,2.0325,0.4463918202277909,0.7832368244277033
-2.3580451797892543,2.04,0.09603608734566432,0.9073525316292331
-2.350888493733815,2.0475,-0.2579695525250144,0.9820748810158915
-2.2907729161457073,2.055,-0.6076672170302527,0.9983434459217231
-2.178828358596382,2.0625,-0.9451624113220936,0.9541855884345088
-2.0173573047329163,2.07,-1.2628022430454988,0.8549556507660889
-1.8097878524111177,2.0775,-1.5533489399568776,0.7126857167667847
-1.5606011770159596,2.085,-1.8101447362839256,0.5446266667201316
-1.2752349450269038,2.0925000000000002,-2.0272643722470516,0.3711564291976539
-0.9599647559720432,2.1,-2.1996517149975214,0.21330906400478855
-0.6217661953743309,2.1075,-2.3232373529817676,0.09022428621318884
-0.26816052954833486,2.115,-2.395034431984717,0.016826688157437986
0.0929525451980967,2.1225,-2.413210480737475,0.002016064344812607
0.45347138015871313,2.13,-2.3771335064267953,0.047588270660905374
0.8052741362573408,2.1374999999999997,-2.2873912139105093,0.14801746862870602
1.1404017526483898,2.145,-2.1457828041431597,0.2911261586008196
1.4512380000169112,2.1525000000000003,-1.9552834237795087,0.45956175729529264
1.7306825455507884,2.16,-1.7199819552907656,0.6329006778945636
1.9723130975339422,2.1675,-1.444993441264031,0.7901247833708646
2.1705329278114553,2.175,-1.1363480141603772,0.912169931744125
2.320700385166886,2.1825,-0.8008587405318536,0.9842375905023342
2.4192374051657803,2.19,-0.445971274239432,0.9975892263615839
2.463714483710061,2.1975,-0.0795986353982794,0.9506058923994882
2.4529101022713298,2.205,0.2900552191829265,0.8489845327750547
2.386843161009892,2.2125,0.6546791005831086,0.7050472021898726
2.26677757910228,2.22,1.0060414538572493,0.5362469603906703
2.09519884611806,2.2275,1.3361761842008533,0.36305160883943816
1.8757629401932165,2.235,1.637563248304535,0.20646187616017997
1.613218653807141,2.2425,1.9032999172512661,0.08546498372946665
1.3133049720443244,2.25,2.127258811335296,0.014732358231257625
0.9826257175906882,2.2575,2.3042290899841937,0.0028406540598250873
0.6285041983864386,2.265,2.4300375455145997,0.051231794742243986
0.2588210558664947,2.2725,2.5016467898246852,0.154038133114912
-0.11816109659854868,2.2800000000000002,2.5172282286774537,0.29879393038258645
-0.4939823432150848,2.2875,2.4762080778060103,0.4679468839693454
-0.8601753159628538,2.295,2.379285276255919,0.6409864244955646
-1.2084559650215,2.3025,2.2284207817654087,0.7969307161367551
-1.5309109513999661,2.31,2.0267983764754827,0.9168708001946232
-1.8201774229994372,2.3175,1.778757754390161,0.9862633928346155
-2.0696110904747127,2.3249999999999997,1.4897012902538782,0.9966943247762217
-2.2734387671404335,2.3325,1.1659764886407389,0.9468987978072563
-2.426891872566235,2.3400000000000003,0.8147366684223528,0.8429147473526448
-2.5263178151893073,2.3475,0.44378293867286683,0.6973507151848098
-2.569266656173716,2.355,0.06139095596203887,0.5278570060583941
-2.5545510041516977,2.3625,-0.3238736901749722,0.3549855075209559
-2.4822776862716576,2.37,-0.7033473453691479,0.19969767953714873
-2.3538503718924773,2.3775,-1.0684631143570877,0.08082288158394274
-2.1719429772002568,2.385,-1.4109442596327058,0.012775226682779472
-1.9404443373501807,2.3925,-1.7229918089316674,0.003805804261159007
-1.6643752826199192,2.4,-1.9974621194415338,0.05500219781658333
-1.3497798818036864,2.4075,-2.2280303567676154,0.1601566104425297
-1.0035932054451746,2.415,-2.4093361488144986,0.30651858859971975
-0.6334885000596766,2.4225000000000003,-2.5371080623994207,0.47634107293222216
-0.24770713988483245,2.4299999999999997,-2.6082640151737086,0.6490323103948399
0.14512487604460864,2.4375,-2.6209852670995764,0.803652698502818
0.5361897959137325,2.445,-2.5747622225669673,0.921453807917197
0.9166760438209626,2.4525,-2.4704109032071466,0.9881517152632505
1.277976762319386,2.4600000000000004,-2.3100596085321397,0.9956589941786829
1.6118844952912923,2.4675,-2.0971059519822877,0.9430653527544198
1.9107776077504182,2.475,-1.8361451287192938,0.8367480105925131
2.1677942088673676,2.4825,-1.5328709234639115,0.6895984317580721
2.376989610354196,2.49,-1.1939515870705173,0.5194591757918635
2.533473708683414,2.4975,-0.8268832852403697,0.34696040574868825
2.6335251187564186,2.505,-0.43982433866146164,0.19301838655830772
2.674679398976182,2.5124999999999997,-0.04141391906602836,0.07629929222532433
2.6557892819325177,2.52,0.35942077009038004,0.010955846846391504
2.577055448350213,2.5275000000000003,0.7536645249237124,0.004911242074569944
2.4400270406966382,2.535,1.1324169023240545,0.05889841388830708
2.2475717921656027,2.5425,1.4870931507681364,0.16637117075137764
2.0038163313972133,2.55,1.8096187747771117,0.3142979492809549
1.7140578978336565,2.5575,2.0926133237829836,0.4847419509180815
1.3846493517913654,2.565,2.3295592228109916,0.6570360608013648
1.0228599724135314,2.5725000000000002,2.5149517841967053,0.8102888299815998
0.6367150917634552,2.5799999999999996,2.644426949628341,0.9259176591707419
0.2348181017079828,2.5875,2.7148638012081308,0.9899020239080591
-0.1738412193396489,2.595,2.724459438211277,0.9944835272851251
-0.5800877898434984,2.6025,2.6727744304513403,0.9391066410602759
-0.9747672209719684,2.6100000000000003,2.5607477159842564,0.8304860659990608
-1.3489520998799296,2.6174999999999997,2.390680495639166,0.6817925436913235
-1.6941439121502087,2.625,2.1661893742063243,0.5110558438864157
-2.0024660364917604,2.6325,1.8921296923564672,0.33897857243747537
-2.266843429471576,2.64,1.5744906688391476,0.1864258856416523
-2.4811649022280045,2.6475000000000004,1.220264613906304,0.07189549459549949
-2.640424268727143,2.655,0.8372930676392422,0.00927473311032534
-2.7408371079985625,2.6625,0.4340932473767338,0.0061566549626805855
-2.7799304207877547,2.67,0.019668644559788253,0.06291934139101568
-2.756603062326023,2.6775,-0.3966920175334915,0.1726800570160406
-2.671155484107117,2.685,-0.8056229761647041,0.32212981298919696
-2.525288004165949,2.6925,-1.19789210533151,0.4931471427699342
-2.3220675320168205,2.6999999999999997,-1.5646093367845255,0.664995412836891
-2.06586338526009,2.7075,-1.8974281207576011,0.8168372343579919
-1.7622535338879577,2.7150000000000003,-2.188735361412934,0.9302610919029626
-1.4179032797048468,2.7225,-2.4318255055415143,0.9915138239091268
-1.0404190067840786,2.73,-2.6210548049063056,0.9931682564320513
-0.6381802101827706,2.7375,-2.751972205406711,0.9350237819604486
-0.22015351114523096,2.745,-2.8214238305384796,0.8241306839945781
0.20430721380878483,2.7525,-2.8276286111131514,0.673935257921666
0.6256701349291766,2.7600000000000002,-2.770223254948544,0.5026493861928013
1.0344395191407,2.7674999999999996,-2.650275434976515,0.33104226426895833
1.4213697210334841,2.775,-2.4702647866431637,0.1799220406667597
1.7776742926039686,2.7825,-2.2340320296305025,0.06761273376800253
2.095225482524206,2.79,-1.9466972485163712,0.007732360771209423
2.3667395957790296,2.7975000000000003,-1.6145490657678128,0.00754169081335504
2.5859439873855536,2.8049999999999997,-1.2449071026002316,0.06706384349900474
2.74772186312362,2.8125,-0.8459607336705782,0.17908148554252862
2.848231547090823,2.82,-0.42658768636309247,0.3300119654432626
2.8849974397776417,2.8275,0.003843497945109754,0.5015542721111722
2.8569705187854115,2.8350000000000004,0.4356827455741388,0.6729081161758736
2.7645569133362637,2.8425,0.8592148002244081,0.823296060219749
2.609613798210662,2.85,1.2648777902186925,0.9344828781071178
2.3954125867060334,2.8575,1.6434790961403534,0.9929866595666934
2.126570139155018,2.865,1.9864036456003118,0.9917135534823457
1.8089494268672541,2.8725,2.285809915770914,0.9308179297903777
1.4495317847066786,2.8800000000000003,2.5348091851508414,0.8176836614186025
1.056263533150279,2.8874999999999997,2.727623938254115,0.6660287959178057
0.6378803378342561,2.895,2.859721782727204,0.49424217944557325
0.20371318783561607,2.9025000000000003,2.927921777831821,0.3231537250535804
-0.23651969856727267,2.91,2.930470684410552,0.17350869044769707
-0.6729304000872123,2.9175000000000004,2.8670873158378813,0.06345222059593097
-1.0956833816650975,2.925,2.7389738821578673,0.006329165899715383
-1.4952171584807978,2.9325,2.548793959696352,0.009065958039234823
-1.8624605391445486,2.94,2.300617469317617,0.0713307484486641
-2.189038557738471,2.9475000000000002,1.999833791277234,0.18557364647269298
-2.467463420226635,2.9550000000000005,1.6530348664935899,0.33794217814403726
-2.6913061126985336,2.9625,1.2678708166652897,0.5099609620173352
-2.8553447400483076,2.97,0.8528812434791054,0.6807719336815641
-2.9556861748591934,2.9775,0.4173059258460525,0.8296634814809107
-2.9898581862380236,2.9850000000000003,-0.029120889160154078,0.9385818241692934
-2.9568698740867085,2.9925,-0.47638802222395493,0.9943201144700158
